{
  "0": {
    "precision": 0.9630642954856361,
    "recall": 0.8767123287671232,
    "f1-score": 0.9178617992177314,
    "support": 803.0
  },
  "1": {
    "precision": 0.9808429118773946,
    "recall": 0.8561872909698997,
    "f1-score": 0.9142857142857143,
    "support": 299.0
  },
  "2": {
    "precision": 0.9504310344827587,
    "recall": 0.875,
    "f1-score": 0.9111570247933884,
    "support": 504.0
  },
  "3": {
    "precision": 0.9782244556113903,
    "recall": 0.9358974358974359,
    "f1-score": 0.9565929565929566,
    "support": 624.0
  },
  "micro avg": {
    "precision": 0.9668777398928398,
    "recall": 0.8901345291479821,
    "f1-score": 0.9269203829091758,
    "support": 2230.0
  },
  "macro avg": {
    "precision": 0.9681406743642949,
    "recall": 0.8859492639086146,
    "f1-score": 0.9249743737224476,
    "support": 2230.0
  },
  "weighted avg": {
    "precision": 0.9668349603619392,
    "recall": 0.8901345291479821,
    "f1-score": 0.9267047528040984,
    "support": 2230.0
  },
  "samples avg": {
    "precision": 0.47813531353135313,
    "recall": 0.4635932343234323,
    "f1-score": 0.4673959806694955,
    "support": 2230.0
  }
}