{
  "0": {
    "precision": 0.9385307346326837,
    "recall": 0.7795765877957659,
    "f1-score": 0.8517006802721089,
    "support": 803.0
  },
  "1": {
    "precision": 0.9794871794871794,
    "recall": 0.6387959866220736,
    "f1-score": 0.7732793522267206,
    "support": 299.0
  },
  "2": {
    "precision": 0.9801980198019802,
    "recall": 0.7857142857142857,
    "f1-score": 0.8722466960352423,
    "support": 504.0
  },
  "3": {
    "precision": 0.9871559633027523,
    "recall": 0.8621794871794872,
    "f1-score": 0.9204448246364414,
    "support": 624.0
  },
  "micro avg": {
    "precision": 0.9668691330756488,
    "recall": 0.7852017937219731,
    "f1-score": 0.8666171739668399,
    "support": 2230.0
  },
  "macro avg": {
    "precision": 0.9713429743061489,
    "recall": 0.7665665868279031,
    "f1-score": 0.8544178882926283,
    "support": 2230.0
  },
  "weighted avg": {
    "precision": 0.9670457263039584,
    "recall": 0.7852017937219731,
    "f1-score": 0.8650655058068137,
    "support": 2230.0
  },
  "samples avg": {
    "precision": 0.44162541254125415,
    "recall": 0.4135468234323432,
    "f1-score": 0.42198255539839696,
    "support": 2230.0
  }
}